Datetime,Water Level (m)
2025-02-12 12:00:00,-0.10161157
2025-02-12 13:00:00,-0.2560149
2025-02-12 14:00:00,-0.39938655
2025-02-12 15:00:00,-0.5226402
2025-02-12 16:00:00,-0.5472053
2025-02-12 17:00:00,-0.39965785
2025-02-12 18:00:00,-0.19789419
2025-02-12 19:00:00,0.034399234
2025-02-12 20:00:00,0.26790932
2025-02-12 21:00:00,0.43720177
2025-02-12 22:00:00,0.41094905
2025-02-12 23:00:00,0.26857504
2025-02-13 00:00:00,0.10529738
2025-02-13 01:00:00,-0.06980093
2025-02-13 02:00:00,-0.24625434
2025-02-13 03:00:00,-0.40098098
2025-02-13 04:00:00,-0.51937634
2025-02-13 05:00:00,-0.49281147
2025-02-13 06:00:00,-0.3254022
2025-02-13 07:00:00,-0.12231695
2025-02-13 08:00:00,0.07232112
2025-02-13 09:00:00,0.2097036
2025-02-13 10:00:00,0.21599741
2025-02-13 11:00:00,0.10016827
2025-02-13 12:00:00,-0.03218374
2025-02-13 13:00:00,-0.18508106
2025-02-13 14:00:00,-0.3404763
2025-02-13 15:00:00,-0.48141918
2025-02-13 16:00:00,-0.5795951
2025-02-13 17:00:00,-0.51113474
2025-02-13 18:00:00,-0.3227625
2025-02-13 19:00:00,-0.0886548
2025-02-13 20:00:00,0.15207349
2025-02-13 21:00:00,0.37175015
2025-02-13 22:00:00,0.43762398
2025-02-13 23:00:00,0.31919432
2025-02-14 00:00:00,0.16871461
2025-02-14 01:00:00,-0.0066921655
2025-02-14 02:00:00,-0.18447578
2025-02-14 03:00:00,-0.34759828
2025-02-14 04:00:00,-0.49540037
2025-02-14 05:00:00,-0.56437236
2025-02-14 06:00:00,-0.45079887
2025-02-14 07:00:00,-0.2585151
2025-02-14 08:00:00,-0.04831233
2025-02-14 09:00:00,0.13772161
2025-02-14 10:00:00,0.22254166
2025-02-14 11:00:00,0.14912322
2025-02-14 12:00:00,0.021707978
2025-02-14 13:00:00,-0.1215014
2025-02-14 14:00:00,-0.28222936
2025-02-14 15:00:00,-0.4240614
2025-02-14 16:00:00,-0.55466855
2025-02-14 17:00:00,-0.59180075
2025-02-14 18:00:00,-0.44659588
2025-02-14 19:00:00,-0.23578122
2025-02-14 20:00:00,0.0036220825
2025-02-14 21:00:00,0.23701406
2025-02-14 22:00:00,0.3997454
2025-02-14 23:00:00,0.34286562
2025-02-15 00:00:00,0.20491868
2025-02-15 01:00:00,0.04101751
2025-02-15 02:00:00,-0.13024327
2025-02-15 03:00:00,-0.3034407
2025-02-15 04:00:00,-0.45239606
2025-02-15 05:00:00,-0.5669041
2025-02-15 06:00:00,-0.5296405
2025-02-15 07:00:00,-0.35523015
2025-02-15 08:00:00,-0.14001937
2025-02-15 09:00:00,0.06869752
2025-02-15 10:00:00,0.2168472
2025-02-15 11:00:00,0.2309741
2025-02-15 12:00:00,0.11868879
2025-02-15 13:00:00,-0.013570777
2025-02-15 14:00:00,-0.16570711
2025-02-15 15:00:00,-0.32400122
2025-02-15 16:00:00,-0.46387395
2025-02-15 17:00:00,-0.56446576
2025-02-15 18:00:00,-0.50280863
2025-02-15 19:00:00,-0.32059544
2025-02-15 20:00:00,-0.094555765
2025-02-15 21:00:00,0.13512214
2025-02-15 22:00:00,0.33391318
2025-02-15 23:00:00,0.37000567
2025-02-16 00:00:00,0.24451898
2025-02-16 01:00:00,0.09749374
2025-02-16 02:00:00,-0.07099909
2025-02-16 03:00:00,-0.24291342
2025-02-16 04:00:00,-0.39495218
2025-02-16 05:00:00,-0.53236276
2025-02-16 06:00:00,-0.57198083
2025-02-16 07:00:00,-0.43445534
2025-02-16 08:00:00,-0.2362598
2025-02-16 09:00:00,-0.020086877
2025-02-16 10:00:00,0.16595753
2025-02-16 11:00:00,0.24871531
2025-02-16 12:00:00,0.1834125
2025-02-16 13:00:00,0.05792562
2025-02-16 14:00:00,-0.08590785
2025-02-16 15:00:00,-0.24375474
2025-02-16 16:00:00,-0.38723916
2025-02-16 17:00:00,-0.5134476
2025-02-16 18:00:00,-0.53840744
2025-02-16 19:00:00,-0.390738
2025-02-16 20:00:00,-0.1925654
2025-02-16 21:00:00,0.026544577
2025-02-16 22:00:00,0.21680655
2025-02-16 23:00:00,0.31848243
2025-02-17 00:00:00,0.23942514
2025-02-17 01:00:00,0.10488203
2025-02-17 02:00:00,-0.0487514
2025-02-17 03:00:00,-0.21533804
2025-02-17 04:00:00,-0.36710882
2025-02-17 05:00:00,-0.51016474
2025-02-17 06:00:00,-0.59074163
2025-02-17 07:00:00,-0.50520253
2025-02-17 08:00:00,-0.3303717
2025-02-17 09:00:00,-0.120579444
2025-02-17 10:00:00,0.07715184
2025-02-17 11:00:00,0.20657189
2025-02-17 12:00:00,0.20531331
2025-02-17 13:00:00,0.09236826
2025-02-17 14:00:00,-0.038110204
2025-02-17 15:00:00,-0.18690203
2025-02-17 16:00:00,-0.33793816
2025-02-17 17:00:00,-0.46765015
2025-02-17 18:00:00,-0.5491248
2025-02-17 19:00:00,-0.4725938
2025-02-17 20:00:00,-0.30630645
2025-02-17 21:00:00,-0.104052804
2025-02-17 22:00:00,0.090140685
2025-02-17 23:00:00,0.21498686
2025-02-18 00:00:00,0.20237194
2025-02-18 01:00:00,0.08172419
2025-02-18 02:00:00,-0.052697897
2025-02-18 03:00:00,-0.20557505
2025-02-18 04:00:00,-0.35695234
2025-02-18 05:00:00,-0.49706903
2025-02-18 06:00:00,-0.6060699
2025-02-18 07:00:00,-0.60230005
2025-02-18 08:00:00,-0.4589613
2025-02-18 09:00:00,-0.2750626
2025-02-18 10:00:00,-0.072211914
2025-02-18 11:00:00,0.10007508
2025-02-18 12:00:00,0.17955327
